PORT,STATE,SERVICE,BANNER

Summary
Open ports: 6
Closed ports: 1018
Filtered ports: 0
ULL
6,CLOSED,---,NULL
7,CLOSED,---,NULL
13,CLOSED,---,NULL
14,CLOSED,---,NULL
15,CLOSED,---,NULL
16,CLOSED,---,NULL
20,CLOSED,---,NULL
23,CLOSED,TelNet,NULL
24,CLOSED,---,NULL
25,CLOSED,SMTP,NULL
27,CLOSED,---,NULL
29,CLOSED,---,NULL
34,CLOSED,---,NULL
36,CLOSED,---,NULL
39,CLOSED,---,NULL
41,CLOSED,---,NULL
8,CLOSED,---,NULL
9,CLOSED,---,NULL
10,CLOSED,---,NULL
11,CLOSED,---,NULL
12,CLOSED,---,NULL
17,CLOSED,---,NULL
18,CLOSED,---,NULL
42,CLOSED,---,NULL
44,CLOSED,---,NULL
45,CLOSED,---,NULL
19,CLOSED,---,NULL
48,CLOSED,---,NULL
49,CLOSED,---,NULL
50,CLOSED,---,NULL
51,CLOSED,---,NULL
57,CLOSED,---,NULL
59,CLOSED,---,NULL
21,CLOSED,FTP,NULL
63,CLOSED,---,NULL
64,CLOSED,---,NULL
66,CLOSED,---,NULL
67,CLOSED,DHCP server,NULL
68,CLOSED,DHCP client,NULL
71,CLOSED,---,NULL
73,CLOSED,---,NULL
74,CLOSED,---,NULL
26,CLOSED,---,NULL
28,CLOSED,---,NULL
30,CLOSED,---,NULL
75,CLOSED,---,NULL
76,CLOSED,---,NULL
31,CLOSED,---,NULL
32,CLOSED,---,NULL
77,CLOSED,---,NULL
33,CLOSED,---,NULL
78,CLOSED,---,NULL
35,CLOSED,---,NULL
37,CLOSED,---,NULL
38,CLOSED,---,NULL
40,CLOSED,---,NULL
43,CLOSED,---,NULL
54,CLOSED,---,NULL
82,CLOSED,---,NULL
91,CLOSED,---,NULL
46,CLOSED,---,NULL
93,CLOSED,---,NULL
47,CLOSED,---,NULL
95,CLOSED,---,NULL
52,CLOSED,---,NULL
96,CLOSED,---,NULL
55,CLOSED,---,NULL
56,CLOSED,---,NULL
58,CLOSED,---,NULL
60,CLOSED,---,NULL
99,CLOSED,---,NULL
61,CLOSED,---,NULL
62,CLOSED,---,NULL
65,CLOSED,---,NULL
100,CLOSED,---,NULL
69,CLOSED,---,NULL
70,CLOSED,---,NULL
72,CLOSED,---,NULL
79,CLOSED,---,NULL
81,CLOSED,---,NULL
83,CLOSED,---,NULL
84,CLOSED,---,NULL
85,CLOSED,---,NULL
86,CLOSED,---,NULL
87,CLOSED,---,NULL
88,CLOSED,---,NULL
89,CLOSED,---,NULL
90,CLOSED,---,NULL
92,CLOSED,---,NULL
94,CLOSED,---,NULL
97,CLOSED,---,NULL
98,CLOSED,---,NULL
22,OPEN,SSH,---
53,OPEN,DNS,---
80,OPEN,HTTP,---
101,CLOSED,---,NULL
104,CLOSED,---,NULL
105,CLOSED,---,NULL
106,CLOSED,---,NULL
107,CLOSED,---,NULL
108,CLOSED,---,NULL
102,CLOSED,---,NULL
110,CLOSED,POP3,NULL
112,CLOSED,---,NULL
113,CLOSED,---,NULL
114,CLOSED,---,NULL
115,CLOSED,---,NULL
116,CLOSED,---,NULL
117,CLOSED,---,NULL
120,CLOSED,---,NULL
103,CLOSED,---,NULL
109,CLOSED,---,NULL
118,CLOSED,---,NULL
119,CLOSED,---,NULL
121,CLOSED,---,NULL
125,CLOSED,---,NULL
126,CLOSED,---,NULL
127,CLOSED,---,NULL
128,CLOSED,---,NULL
129,CLOSED,---,NULL
122,CLOSED,---,NULL
123,CLOSED,---,NULL
124,CLOSED,---,NULL
131,CLOSED,---,NULL
132,CLOSED,---,NULL
130,CLOSED,---,NULL
135,CLOSED,---,NULL
137,CLOSED,---,NULL
138,CLOSED,---,NULL
111,OPEN,---,---
133,CLOSED,---,NULL
134,CLOSED,---,NULL
136,CLOSED,---,NULL
139,OPEN,---,---
140,CLOSED,---,NULL
141,CLOSED,---,NULL
142,CLOSED,---,NULL
143,CLOSED,IMAP,NULL
145,CLOSED,---,NULL
146,CLOSED,---,NULL
149,CLOSED,---,NULL
150,CLOSED,---,NULL
144,CLOSED,---,NULL
147,CLOSED,---,NULL
148,CLOSED,---,NULL
151,CLOSED,---,NULL
156,CLOSED,---,NULL
152,CLOSED,---,NULL
153,CLOSED,---,NULL
154,CLOSED,---,NULL
155,CLOSED,---,NULL
157,CLOSED,---,NULL
159,CLOSED,---,NULL
161,CLOSED,SNMP,NULL
158,CLOSED,---,NULL
160,CLOSED,---,NULL
162,CLOSED,---,NULL
163,CLOSED,---,NULL
164,CLOSED,---,NULL
165,CLOSED,---,NULL
170,CLOSED,---,NULL
172,CLOSED,---,NULL
173,CLOSED,---,NULL
174,CLOSED,---,NULL
175,CLOSED,---,NULL
176,CLOSED,---,NULL
178,CLOSED,---,NULL
166,CLOSED,---,NULL
167,CLOSED,---,NULL
168,CLOSED,---,NULL
169,CLOSED,---,NULL
171,CLOSED,---,NULL
177,CLOSED,---,NULL
179,CLOSED,---,NULL
181,CLOSED,---,NULL
183,CLOSED,---,NULL
184,CLOSED,---,NULL
187,CLOSED,---,NULL
180,CLOSED,---,NULL
191,CLOSED,---,NULL
195,CLOSED,---,NULL
182,CLOSED,---,NULL
185,CLOSED,---,NULL
186,CLOSED,---,NULL
188,CLOSED,---,NULL
189,CLOSED,---,NULL
190,CLOSED,---,NULL
192,CLOSED,---,NULL
193,CLOSED,---,NULL
194,CLOSED,---,NULL
196,CLOSED,---,NULL
197,CLOSED,---,NULL
207,CLOSED,---,NULL
208,CLOSED,---,NULL
209,CLOSED,---,NULL
198,CLOSED,---,NULL
199,CLOSED,---,NULL
200,CLOSED,---,NULL
201,CLOSED,---,NULL
202,CLOSED,---,NULL
203,CLOSED,---,NULL
204,CLOSED,---,NULL
212,CLOSED,---,NULL
205,CLOSED,---,NULL
213,CLOSED,---,NULL
206,CLOSED,---,NULL
210,CLOSED,---,NULL
214,CLOSED,---,NULL
211,CLOSED,---,NULL
216,CLOSED,---,NULL
218,CLOSED,---,NULL
220,CLOSED,---,NULL
222,CLOSED,---,NULL
226,CLOSED,---,NULL
215,CLOSED,---,NULL
217,CLOSED,---,NULL
219,CLOSED,---,NULL
221,CLOSED,---,NULL
223,CLOSED,---,NULL
224,CLOSED,---,NULL
225,CLOSED,---,NULL
227,CLOSED,---,NULL
229,CLOSED,---,NULL
228,CLOSED,---,NULL
231,CLOSED,---,NULL
230,CLOSED,---,NULL
233,CLOSED,---,NULL
232,CLOSED,---,NULL
234,CLOSED,---,NULL
235,CLOSED,---,NULL
237,CLOSED,---,NULL
236,CLOSED,---,NULL
238,CLOSED,---,NULL
239,CLOSED,---,NULL
240,CLOSED,---,NULL
242,CLOSED,---,NULL
246,CLOSED,---,NULL
247,CLOSED,---,NULL
250,CLOSED,---,NULL
241,CLOSED,---,NULL
243,CLOSED,---,NULL
252,CLOSED,---,NULL
244,CLOSED,---,NULL
255,CLOSED,---,NULL
256,CLOSED,---,NULL
245,CLOSED,---,NULL
248,CLOSED,---,NULL
249,CLOSED,---,NULL
251,CLOSED,---,NULL
253,CLOSED,---,NULL
258,CLOSED,---,NULL
254,CLOSED,---,NULL
257,CLOSED,---,NULL
262,CLOSED,---,NULL
268,CLOSED,---,NULL
270,CLOSED,---,NULL
271,CLOSED,---,NULL
259,CLOSED,---,NULL
273,CLOSED,---,NULL
260,CLOSED,---,NULL
261,CLOSED,---,NULL
263,CLOSED,---,NULL
264,CLOSED,---,NULL
265,CLOSED,---,NULL
266,CLOSED,---,NULL
267,CLOSED,---,NULL
269,CLOSED,---,NULL
272,CLOSED,---,NULL
275,CLOSED,---,NULL
276,CLOSED,---,NULL
277,CLOSED,---,NULL
274,CLOSED,---,NULL
279,CLOSED,---,NULL
280,CLOSED,---,NULL
283,CLOSED,---,NULL
284,CLOSED,---,NULL
285,CLOSED,---,NULL
288,CLOSED,---,NULL
289,CLOSED,---,NULL
290,CLOSED,---,NULL
291,CLOSED,---,NULL
294,CLOSED,---,NULL
295,CLOSED,---,NULL
278,CLOSED,---,NULL
281,CLOSED,---,NULL
282,CLOSED,---,NULL
286,CLOSED,---,NULL
287,CLOSED,---,NULL
292,CLOSED,---,NULL
293,CLOSED,---,NULL
296,CLOSED,---,NULL
297,CLOSED,---,NULL
302,CLOSED,---,NULL
298,CLOSED,---,NULL
306,CLOSED,---,NULL
299,CLOSED,---,NULL
307,CLOSED,---,NULL
300,CLOSED,---,NULL
301,CLOSED,---,NULL
308,CLOSED,---,NULL
303,CLOSED,---,NULL
313,CLOSED,---,NULL
304,CLOSED,---,NULL
305,CLOSED,---,NULL
309,CLOSED,---,NULL
310,CLOSED,---,NULL
314,CLOSED,---,NULL
315,CLOSED,---,NULL
311,CLOSED,---,NULL
312,CLOSED,---,NULL
316,CLOSED,---,NULL
320,CLOSED,---,NULL
321,CLOSED,---,NULL
323,CLOSED,---,NULL
317,CLOSED,---,NULL
326,CLOSED,---,NULL
318,CLOSED,---,NULL
319,CLOSED,---,NULL
322,CLOSED,---,NULL
324,CLOSED,---,NULL
325,CLOSED,---,NULL
327,CLOSED,---,NULL
330,CLOSED,---,NULL
332,CLOSED,---,NULL
328,CLOSED,---,NULL
329,CLOSED,---,NULL
331,CLOSED,---,NULL
333,CLOSED,---,NULL
335,CLOSED,---,NULL
336,CLOSED,---,NULL
334,CLOSED,---,NULL
337,CLOSED,---,NULL
338,CLOSED,---,NULL
339,CLOSED,---,NULL
340,CLOSED,---,NULL
342,CLOSED,---,NULL
345,CLOSED,---,NULL
352,CLOSED,---,NULL
356,CLOSED,---,NULL
341,CLOSED,---,NULL
357,CLOSED,---,NULL
343,CLOSED,---,NULL
358,CLOSED,---,NULL
344,CLOSED,---,NULL
346,CLOSED,---,NULL
359,CLOSED,---,NULL
347,CLOSED,---,NULL
361,CLOSED,---,NULL
348,CLOSED,---,NULL
362,CLOSED,---,NULL
349,CLOSED,---,NULL
365,CLOSED,---,NULL
350,CLOSED,---,NULL
367,CLOSED,---,NULL
351,CLOSED,---,NULL
353,CLOSED,---,NULL
354,CLOSED,---,NULL
355,CLOSED,---,NULL
360,CLOSED,---,NULL
363,CLOSED,---,NULL
364,CLOSED,---,NULL
371,CLOSED,---,NULL
366,CLOSED,---,NULL
368,CLOSED,---,NULL
372,CLOSED,---,NULL
369,CLOSED,---,NULL
373,CLOSED,---,NULL
370,CLOSED,---,NULL
374,CLOSED,---,NULL
376,CLOSED,---,NULL
375,CLOSED,---,NULL
379,CLOSED,---,NULL
380,CLOSED,---,NULL
384,CLOSED,---,NULL
387,CLOSED,---,NULL
377,CLOSED,---,NULL
391,CLOSED,---,NULL
378,CLOSED,---,NULL
393,CLOSED,---,NULL
398,CLOSED,---,NULL
381,CLOSED,---,NULL
399,CLOSED,---,NULL
382,CLOSED,---,NULL
400,CLOSED,---,NULL
383,CLOSED,---,NULL
385,CLOSED,---,NULL
401,CLOSED,---,NULL
386,CLOSED,---,NULL
388,CLOSED,---,NULL
405,CLOSED,---,NULL
406,CLOSED,---,NULL
389,CLOSED,---,NULL
390,CLOSED,---,NULL
411,CLOSED,---,NULL
412,CLOSED,---,NULL
392,CLOSED,---,NULL
394,CLOSED,---,NULL
395,CLOSED,---,NULL
396,CLOSED,---,NULL
415,CLOSED,---,NULL
417,CLOSED,---,NULL
418,CLOSED,---,NULL
421,CLOSED,---,NULL
422,CLOSED,---,NULL
424,CLOSED,---,NULL
425,CLOSED,---,NULL
426,CLOSED,---,NULL
427,CLOSED,---,NULL
397,CLOSED,---,NULL
402,CLOSED,---,NULL
403,CLOSED,---,NULL
404,CLOSED,---,NULL
407,CLOSED,---,NULL
408,CLOSED,---,NULL
409,CLOSED,---,NULL
410,CLOSED,---,NULL
413,CLOSED,---,NULL
414,CLOSED,---,NULL
416,CLOSED,---,NULL
419,CLOSED,---,NULL
420,CLOSED,---,NULL
423,CLOSED,---,NULL
430,CLOSED,---,NULL
432,CLOSED,---,NULL
433,CLOSED,---,NULL
434,CLOSED,---,NULL
428,CLOSED,---,NULL
429,CLOSED,---,NULL
431,CLOSED,---,NULL
435,CLOSED,---,NULL
437,CLOSED,---,NULL
436,CLOSED,---,NULL
442,CLOSED,---,NULL
443,CLOSED,HTTPS,NULL
438,CLOSED,---,NULL
439,CLOSED,---,NULL
440,CLOSED,---,NULL
441,CLOSED,---,NULL
444,CLOSED,---,NULL
446,CLOSED,---,NULL
447,CLOSED,---,NULL
448,CLOSED,---,NULL
450,CLOSED,---,NULL
449,CLOSED,---,NULL
452,CLOSED,---,NULL
453,CLOSED,---,NULL
451,CLOSED,---,NULL
454,CLOSED,---,NULL
456,CLOSED,---,NULL
458,CLOSED,---,NULL
459,CLOSED,---,NULL
461,CLOSED,---,NULL
462,CLOSED,---,NULL
463,CLOSED,---,NULL
470,CLOSED,---,NULL
471,CLOSED,---,NULL
472,CLOSED,---,NULL
455,CLOSED,---,NULL
457,CLOSED,---,NULL
460,CLOSED,---,NULL
474,CLOSED,---,NULL
464,CLOSED,---,NULL
465,CLOSED,SMTPS,NULL
466,CLOSED,---,NULL
467,CLOSED,---,NULL
468,CLOSED,---,NULL
469,CLOSED,---,NULL
473,CLOSED,---,NULL
475,CLOSED,---,NULL
479,CLOSED,---,NULL
480,CLOSED,---,NULL
476,CLOSED,---,NULL
477,CLOSED,---,NULL
478,CLOSED,---,NULL
481,CLOSED,---,NULL
482,CLOSED,---,NULL
485,CLOSED,---,NULL
483,CLOSED,---,NULL
484,CLOSED,---,NULL
486,CLOSED,---,NULL
487,CLOSED,---,NULL
488,CLOSED,---,NULL
445,OPEN,SMB,---
489,CLOSED,---,NULL
492,CLOSED,---,NULL
496,CLOSED,---,NULL
497,CLOSED,---,NULL
499,CLOSED,---,NULL
490,CLOSED,---,NULL
491,CLOSED,---,NULL
500,CLOSED,---,NULL
493,CLOSED,---,NULL
494,CLOSED,---,NULL
495,CLOSED,---,NULL
498,CLOSED,---,NULL
501,CLOSED,---,NULL
502,CLOSED,---,NULL
507,CLOSED,---,NULL
508,CLOSED,---,NULL
503,CLOSED,---,NULL
510,CLOSED,---,NULL
512,CLOSED,---,NULL
513,CLOSED,---,NULL
518,CLOSED,---,NULL
504,CLOSED,---,NULL
505,CLOSED,---,NULL
519,CLOSED,---,NULL
520,CLOSED,---,NULL
506,CLOSED,---,NULL
521,CLOSED,---,NULL
509,CLOSED,---,NULL
511,CLOSED,---,NULL
514,CLOSED,---,NULL
522,CLOSED,---,NULL
515,CLOSED,---,NULL
524,CLOSED,---,NULL
525,CLOSED,---,NULL
516,CLOSED,---,NULL
517,CLOSED,---,NULL
527,CLOSED,---,NULL
528,CLOSED,---,NULL
529,CLOSED,---,NULL
530,CLOSED,---,NULL
531,CLOSED,---,NULL
523,CLOSED,---,NULL
526,CLOSED,---,NULL
532,CLOSED,---,NULL
533,CLOSED,---,NULL
534,CLOSED,---,NULL
536,CLOSED,---,NULL
535,CLOSED,---,NULL
538,CLOSED,---,NULL
537,CLOSED,---,NULL
540,CLOSED,---,NULL
543,CLOSED,---,NULL
544,CLOSED,---,NULL
545,CLOSED,---,NULL
539,CLOSED,---,NULL
546,CLOSED,---,NULL
547,CLOSED,---,NULL
549,CLOSED,---,NULL
550,CLOSED,---,NULL
551,CLOSED,---,NULL
552,CLOSED,---,NULL
553,CLOSED,---,NULL
554,CLOSED,---,NULL
556,CLOSED,---,NULL
562,CLOSED,---,NULL
564,CLOSED,---,NULL
565,CLOSED,---,NULL
567,CLOSED,---,NULL
570,CLOSED,---,NULL
541,CLOSED,---,NULL
571,CLOSED,---,NULL
577,CLOSED,---,NULL
542,CLOSED,---,NULL
578,CLOSED,---,NULL
579,CLOSED,---,NULL
581,CLOSED,---,NULL
548,CLOSED,---,NULL
555,CLOSED,---,NULL
557,CLOSED,---,NULL
558,CLOSED,---,NULL
583,CLOSED,---,NULL
584,CLOSED,---,NULL
585,CLOSED,---,NULL
586,CLOSED,---,NULL
587,CLOSED,---,NULL
559,CLOSED,---,NULL
560,CLOSED,---,NULL
561,CLOSED,---,NULL
563,CLOSED,---,NULL
566,CLOSED,---,NULL
568,CLOSED,---,NULL
569,CLOSED,---,NULL
572,CLOSED,---,NULL
573,CLOSED,---,NULL
574,CLOSED,---,NULL
575,CLOSED,---,NULL
576,CLOSED,---,NULL
580,CLOSED,---,NULL
582,CLOSED,---,NULL
588,CLOSED,---,NULL
589,CLOSED,---,NULL
590,CLOSED,---,NULL
596,CLOSED,---,NULL
591,CLOSED,---,NULL
592,CLOSED,---,NULL
593,CLOSED,---,NULL
598,CLOSED,---,NULL
601,CLOSED,---,NULL
605,CLOSED,---,NULL
606,CLOSED,---,NULL
608,CLOSED,---,NULL
594,CLOSED,---,NULL
595,CLOSED,---,NULL
609,CLOSED,---,NULL
597,CLOSED,---,NULL
599,CLOSED,---,NULL
600,CLOSED,---,NULL
602,CLOSED,---,NULL
603,CLOSED,---,NULL
604,CLOSED,---,NULL
607,CLOSED,---,NULL
610,CLOSED,---,NULL
611,CLOSED,---,NULL
612,CLOSED,---,NULL
614,CLOSED,---,NULL
613,CLOSED,---,NULL
615,CLOSED,---,NULL
617,CLOSED,---,NULL
616,CLOSED,---,NULL
618,CLOSED,---,NULL
619,CLOSED,---,NULL
623,CLOSED,---,NULL
624,CLOSED,---,NULL
627,CLOSED,---,NULL
630,CLOSED,---,NULL
632,CLOSED,---,NULL
636,CLOSED,---,NULL
620,CLOSED,---,NULL
621,CLOSED,---,NULL
637,CLOSED,---,NULL
622,CLOSED,---,NULL
639,CLOSED,---,NULL
642,CLOSED,---,NULL
643,CLOSED,---,NULL
644,CLOSED,---,NULL
648,CLOSED,---,NULL
625,CLOSED,---,NULL
626,CLOSED,---,NULL
628,CLOSED,---,NULL
629,CLOSED,---,NULL
631,CLOSED,---,NULL
649,CLOSED,---,NULL
650,CLOSED,---,NULL
651,CLOSED,---,NULL
633,CLOSED,---,NULL
634,CLOSED,---,NULL
635,CLOSED,---,NULL
652,CLOSED,---,NULL
638,CLOSED,---,NULL
640,CLOSED,---,NULL
641,CLOSED,---,NULL
645,CLOSED,---,NULL
646,CLOSED,---,NULL
653,CLOSED,---,NULL
647,CLOSED,---,NULL
654,CLOSED,---,NULL
655,CLOSED,---,NULL
657,CLOSED,---,NULL
659,CLOSED,---,NULL
660,CLOSED,---,NULL
656,CLOSED,---,NULL
661,CLOSED,---,NULL
664,CLOSED,---,NULL
667,CLOSED,---,NULL
671,CLOSED,---,NULL
674,CLOSED,---,NULL
676,CLOSED,---,NULL
679,CLOSED,---,NULL
680,CLOSED,---,NULL
682,CLOSED,---,NULL
683,CLOSED,---,NULL
684,CLOSED,---,NULL
686,CLOSED,---,NULL
688,CLOSED,---,NULL
690,CLOSED,---,NULL
658,CLOSED,---,NULL
662,CLOSED,---,NULL
663,CLOSED,---,NULL
665,CLOSED,---,NULL
666,CLOSED,---,NULL
668,CLOSED,---,NULL
669,CLOSED,---,NULL
670,CLOSED,---,NULL
694,CLOSED,---,NULL
695,CLOSED,---,NULL
672,CLOSED,---,NULL
673,CLOSED,---,NULL
698,CLOSED,---,NULL
700,CLOSED,---,NULL
675,CLOSED,---,NULL
677,CLOSED,---,NULL
678,CLOSED,---,NULL
701,CLOSED,---,NULL
702,CLOSED,---,NULL
705,CLOSED,---,NULL
681,CLOSED,---,NULL
685,CLOSED,---,NULL
707,CLOSED,---,NULL
709,CLOSED,---,NULL
687,CLOSED,---,NULL
710,CLOSED,---,NULL
689,CLOSED,---,NULL
691,CLOSED,---,NULL
692,CLOSED,---,NULL
693,CLOSED,---,NULL
696,CLOSED,---,NULL
697,CLOSED,---,NULL
699,CLOSED,---,NULL
703,CLOSED,---,NULL
704,CLOSED,---,NULL
706,CLOSED,---,NULL
708,CLOSED,---,NULL
711,CLOSED,---,NULL
712,CLOSED,---,NULL
713,CLOSED,---,NULL
714,CLOSED,---,NULL
715,CLOSED,---,NULL
716,CLOSED,---,NULL
717,CLOSED,---,NULL
718,CLOSED,---,NULL
719,CLOSED,---,NULL
720,CLOSED,---,NULL
722,CLOSED,---,NULL
721,CLOSED,---,NULL
723,CLOSED,---,NULL
729,CLOSED,---,NULL
731,CLOSED,---,NULL
732,CLOSED,---,NULL
724,CLOSED,---,NULL
725,CLOSED,---,NULL
726,CLOSED,---,NULL
727,CLOSED,---,NULL
734,CLOSED,---,NULL
728,CLOSED,---,NULL
730,CLOSED,---,NULL
733,CLOSED,---,NULL
736,CLOSED,---,NULL
738,CLOSED,---,NULL
739,CLOSED,---,NULL
735,CLOSED,---,NULL
740,CLOSED,---,NULL
741,CLOSED,---,NULL
743,CLOSED,---,NULL
737,CLOSED,---,NULL
744,CLOSED,---,NULL
748,CLOSED,---,NULL
749,CLOSED,---,NULL
753,CLOSED,---,NULL
754,CLOSED,---,NULL
756,CLOSED,---,NULL
757,CLOSED,---,NULL
760,CLOSED,---,NULL
742,CLOSED,---,NULL
745,CLOSED,---,NULL
746,CLOSED,---,NULL
747,CLOSED,---,NULL
750,CLOSED,---,NULL
751,CLOSED,---,NULL
752,CLOSED,---,NULL
755,CLOSED,---,NULL
758,CLOSED,---,NULL
759,CLOSED,---,NULL
765,CLOSED,---,NULL
769,CLOSED,---,NULL
761,CLOSED,---,NULL
770,CLOSED,---,NULL
762,CLOSED,---,NULL
763,CLOSED,---,NULL
764,CLOSED,---,NULL
766,CLOSED,---,NULL
767,CLOSED,---,NULL
768,CLOSED,---,NULL
773,CLOSED,---,NULL
777,CLOSED,---,NULL
786,CLOSED,---,NULL
787,CLOSED,---,NULL
771,CLOSED,---,NULL
772,CLOSED,---,NULL
789,CLOSED,---,NULL
774,CLOSED,---,NULL
775,CLOSED,---,NULL
792,CLOSED,---,NULL
796,CLOSED,---,NULL
776,CLOSED,---,NULL
801,CLOSED,---,NULL
805,CLOSED,---,NULL
778,CLOSED,---,NULL
779,CLOSED,---,NULL
780,CLOSED,---,NULL
781,CLOSED,---,NULL
811,CLOSED,---,NULL
812,CLOSED,---,NULL
782,CLOSED,---,NULL
783,CLOSED,---,NULL
813,CLOSED,---,NULL
784,CLOSED,---,NULL
785,CLOSED,---,NULL
788,CLOSED,---,NULL
790,CLOSED,---,NULL
814,CLOSED,---,NULL
791,CLOSED,---,NULL
793,CLOSED,---,NULL
794,CLOSED,---,NULL
815,CLOSED,---,NULL
795,CLOSED,---,NULL
797,CLOSED,---,NULL
798,CLOSED,---,NULL
799,CLOSED,---,NULL
817,CLOSED,---,NULL
818,CLOSED,---,NULL
800,CLOSED,---,NULL
820,CLOSED,---,NULL
823,CLOSED,---,NULL
802,CLOSED,---,NULL
825,CLOSED,---,NULL
827,CLOSED,---,NULL
829,CLOSED,---,NULL
803,CLOSED,---,NULL
804,CLOSED,---,NULL
830,CLOSED,---,NULL
806,CLOSED,---,NULL
807,CLOSED,---,NULL
808,CLOSED,---,NULL
809,CLOSED,---,NULL
810,CLOSED,---,NULL
816,CLOSED,---,NULL
819,CLOSED,---,NULL
821,CLOSED,---,NULL
822,CLOSED,---,NULL
824,CLOSED,---,NULL
826,CLOSED,---,NULL
828,CLOSED,---,NULL
831,CLOSED,---,NULL
832,CLOSED,---,NULL
833,CLOSED,---,NULL
834,CLOSED,---,NULL
836,CLOSED,---,NULL
838,CLOSED,---,NULL
839,CLOSED,---,NULL
835,CLOSED,---,NULL
841,CLOSED,---,NULL
837,CLOSED,---,NULL
842,CLOSED,---,NULL
840,CLOSED,---,NULL
843,CLOSED,---,NULL
844,CLOSED,---,NULL
846,CLOSED,---,NULL
847,CLOSED,---,NULL
848,CLOSED,---,NULL
849,CLOSED,---,NULL
845,CLOSED,---,NULL
852,CLOSED,---,NULL
850,CLOSED,---,NULL
851,CLOSED,---,NULL
853,CLOSED,---,NULL
854,CLOSED,---,NULL
855,CLOSED,---,NULL
857,CLOSED,---,NULL
858,CLOSED,---,NULL
859,CLOSED,---,NULL
860,CLOSED,---,NULL
856,CLOSED,---,NULL
861,CLOSED,---,NULL
863,CLOSED,---,NULL
864,CLOSED,---,NULL
865,CLOSED,---,NULL
862,CLOSED,---,NULL
868,CLOSED,---,NULL
869,CLOSED,---,NULL
866,CLOSED,---,NULL
871,CLOSED,---,NULL
867,CLOSED,---,NULL
872,CLOSED,---,NULL
874,CLOSED,---,NULL
870,CLOSED,---,NULL
875,CLOSED,---,NULL
876,CLOSED,---,NULL
873,CLOSED,---,NULL
877,CLOSED,---,NULL
878,CLOSED,---,NULL
879,CLOSED,---,NULL
880,CLOSED,---,NULL
881,CLOSED,---,NULL
885,CLOSED,---,NULL
882,CLOSED,---,NULL
883,CLOSED,---,NULL
884,CLOSED,---,NULL
892,CLOSED,---,NULL
893,CLOSED,---,NULL
894,CLOSED,---,NULL
897,CLOSED,---,NULL
898,CLOSED,---,NULL
899,CLOSED,---,NULL
900,CLOSED,---,NULL
886,CLOSED,---,NULL
901,CLOSED,---,NULL
887,CLOSED,---,NULL
888,CLOSED,---,NULL
903,CLOSED,---,NULL
905,CLOSED,---,NULL
906,CLOSED,---,NULL
907,CLOSED,---,NULL
908,CLOSED,---,NULL
909,CLOSED,---,NULL
910,CLOSED,---,NULL
889,CLOSED,---,NULL
890,CLOSED,---,NULL
891,CLOSED,---,NULL
895,CLOSED,---,NULL
911,CLOSED,---,NULL
912,CLOSED,---,NULL
896,CLOSED,---,NULL
902,CLOSED,---,NULL
904,CLOSED,---,NULL
914,CLOSED,---,NULL
916,CLOSED,---,NULL
913,CLOSED,---,NULL
917,CLOSED,---,NULL
915,CLOSED,---,NULL
918,CLOSED,---,NULL
920,CLOSED,---,NULL
922,CLOSED,---,NULL
923,CLOSED,---,NULL
925,CLOSED,---,NULL
927,CLOSED,---,NULL
929,CLOSED,---,NULL
931,CLOSED,---,NULL
919,CLOSED,---,NULL
933,CLOSED,---,NULL
935,CLOSED,---,NULL
936,CLOSED,---,NULL
937,CLOSED,---,NULL
939,CLOSED,---,NULL
942,CLOSED,---,NULL
943,CLOSED,---,NULL
947,CLOSED,---,NULL
921,CLOSED,---,NULL
949,CLOSED,---,NULL
924,CLOSED,---,NULL
950,CLOSED,---,NULL
954,CLOSED,---,NULL
926,CLOSED,---,NULL
928,CLOSED,---,NULL
930,CLOSED,---,NULL
932,CLOSED,---,NULL
934,CLOSED,---,NULL
938,CLOSED,---,NULL
940,CLOSED,---,NULL
941,CLOSED,---,NULL
944,CLOSED,---,NULL
945,CLOSED,---,NULL
955,CLOSED,---,NULL
946,CLOSED,---,NULL
948,CLOSED,---,NULL
951,CLOSED,---,NULL
952,CLOSED,---,NULL
959,CLOSED,---,NULL
953,CLOSED,---,NULL
963,CLOSED,---,NULL
956,CLOSED,---,NULL
957,CLOSED,---,NULL
969,CLOSED,---,NULL
958,CLOSED,---,NULL
960,CLOSED,---,NULL
961,CLOSED,---,NULL
970,CLOSED,---,NULL
972,CLOSED,---,NULL
962,CLOSED,---,NULL
964,CLOSED,---,NULL
965,CLOSED,---,NULL
975,CLOSED,---,NULL
978,CLOSED,---,NULL
979,CLOSED,---,NULL
980,CLOSED,---,NULL
981,CLOSED,---,NULL
983,CLOSED,---,NULL
966,CLOSED,---,NULL
967,CLOSED,---,NULL
984,CLOSED,---,NULL
985,CLOSED,---,NULL
968,CLOSED,---,NULL
971,CLOSED,---,NULL
973,CLOSED,---,NULL
974,CLOSED,---,NULL
976,CLOSED,---,NULL
977,CLOSED,---,NULL
982,CLOSED,---,NULL
987,CLOSED,---,NULL
986,CLOSED,---,NULL
988,CLOSED,---,NULL
989,CLOSED,---,NULL
990,CLOSED,---,NULL
991,CLOSED,---,NULL
992,CLOSED,---,NULL
996,CLOSED,---,NULL
997,CLOSED,---,NULL
998,CLOSED,---,NULL
993,CLOSED,IMAPS,NULL
994,CLOSED,---,NULL
1000,CLOSED,---,NULL
1001,CLOSED,---,NULL
1002,CLOSED,---,NULL
1009,CLOSED,---,NULL
995,CLOSED,---,NULL
1013,CLOSED,---,NULL
999,CLOSED,---,NULL
1003,CLOSED,---,NULL
1004,CLOSED,---,NULL
1005,CLOSED,---,NULL
1006,CLOSED,---,NULL
1007,CLOSED,---,NULL
1008,CLOSED,---,NULL
1010,CLOSED,---,NULL
1011,CLOSED,---,NULL
1012,CLOSED,---,NULL
1016,CLOSED,---,NULL
1014,CLOSED,---,NULL
1015,CLOSED,---,NULL
1018,CLOSED,---,NULL
1017,CLOSED,---,NULL
1019,CLOSED,---,NULL
1020,CLOSED,---,NULL
1021,CLOSED,---,NULL
1022,CLOSED,---,NULL
1024,CLOSED,---,NULL
1023,CLOSED,---,NULL
